date,home,away,home_score,away_score,source_url
2026-10-01,阪神タイガース,読売ジャイアンツ,2,2,https://npb.jp/games/2026/schedule_10_detail.html
2026-10-01,広島東洋カープ,中日ドラゴンズ,5,1,https://npb.jp/games/2026/schedule_10_detail.html
2026-10-01,東北楽天ゴールデンイーグルス,福岡ソフトバンクホークス,2,8,https://npb.jp/games/2026/schedule_10_detail.html
2026-10-01,千葉ロッテマリーンズ,北海道日本ハムファイターズ,1,3,https://npb.jp/games/2026/schedule_10_detail.html
2026-10-02,東京ヤクルトスワローズ,読売ジャイアンツ,5,1,https://npb.jp/games/2026/schedule_10_detail.html
2026-10-02,千葉ロッテマリーンズ,福岡ソフトバンクホークス,3,4,https://npb.jp/games/2026/schedule_10_detail.html
2026-10-03,読売ジャイアンツ,横浜DeNAベイスターズ,2,5,https://npb.jp/games/2026/schedule_10_detail.html
2026-10-03,東京ヤクルトスワローズ,中日ドラゴンズ,1,3,https://npb.jp/games/2026/schedule_10_detail.html
2026-10-03,広島東洋カープ,阪神タイガース,6,4,https://npb.jp/games/2026/schedule_10_detail.html
2026-10-03,東北楽天ゴールデンイーグルス,オリックス・バファローズ,6,0,https://npb.jp/games/2026/schedule_10_detail.html
2026-10-03,千葉ロッテマリーンズ,福岡ソフトバンクホークス,2,1,https://npb.jp/games/2026/schedule_10_detail.html
2026-10-04,東京ヤクルトスワローズ,広島東洋カープ,4,7,https://npb.jp/games/2026/schedule_10_detail.html
2026-10-04,横浜DeNAベイスターズ,阪神タイガース,2,1,https://npb.jp/games/2026/schedule_10_detail.html
2026-10-04,千葉ロッテマリーンズ,東北楽天ゴールデンイーグルス,3,2,https://npb.jp/games/2026/schedule_10_detail.html
2026-10-05,東北楽天ゴールデンイーグルス,福岡ソフトバンクホークス,3,1,https://npb.jp/games/2026/schedule_10_detail.html
2026-10-05,千葉ロッテマリーンズ,埼玉西武ライオンズ,1,7,https://npb.jp/games/2026/schedule_10_detail.html
2026-10-06,阪神タイガース,広島東洋カープ,2,1,https://npb.jp/games/2026/schedule_10_detail.html
2026-10-06,千葉ロッテマリーンズ,埼玉西武ライオンズ,0,3,https://npb.jp/games/2026/schedule_10_detail.html
2026-10-07,阪神タイガース,広島東洋カープ,2,1,https://npb.jp/games/2026/schedule_10_detail.html
2026-10-08,阪神タイガース,東京ヤクルトスワローズ,0,4,https://npb.jp/games/2026/schedule_10_detail.html
2026-10-10,読売ジャイアンツ,横浜DeNAベイスターズ,1,2,https://npb.jp/games/2026/schedule_10_detail.html
2026-10-10,埼玉西武ライオンズ,北海道日本ハムファイターズ,3,2,https://npb.jp/games/2026/schedule_10_detail.html
