prediction_id,game_id,date_key,datetime_jst,prediction_cutoff_utc,prediction_generated_at,home,away,home_starter,away_starter,regime,score_regime,model,situation_tags,home_win_pct,draw_pct,away_win_pct,predicted_outcome,actual_outcome,outcome_correct,logloss,brier,home_probability_error,draw_probability_error,away_probability_error,low_pct,high_pct,low_high_actual,low_high_correct,score_mae,top1_exact_hit,top4_hit,lambda_home,lambda_away,shared_lambda,dominant_classification_expert,experience_available_at_utc,source_url,classification_weight_CatBoost,classification_weight_ExtraTrees,classification_weight_KNNAnalog,classification_weight_RandomForest,classification_weight_XGBoost,target,competition_id,prediction_actual_lead_minutes,prediction_30m_on_time,scheduled_cutoff_lead_minutes,revision_status,revision_previous_prediction_id,revision_l1_pct_points,revision_max_abs_pct_points,revision_outcome_changed,score_weight_ExtraTreesReg,score_weight_Poisson,score_weight_RFReg,league,competition,competition_stage,season_type,game_class,competition_key,competition_classification_status,prediction_horizon,player_context_snapshot_id,pregame_context_snapshot_id
ad6157e35b1b3cee72db515a,NPB-2026-09-26-1,2026-09-26,2026-09-26 09:00:00+00:00,2026-09-26 03:48:23.278553+00:00,2026-09-26T03:49:58.041949+00:00,東京ヤクルトスワローズ,中日ドラゴンズ,高梨 裕稔,涌井 秀章,s2_e2_m2,global,Production ML ensemble + PIT-safe direct run-rate fallback (degeneracy recovery),"['regime:s2_e2_m2', 'starter:balanced', 'starter_recent:balanced', 'offense:balanced', 'bullpen:balanced', 'rest:balanced', 'environment:high', 'trend:balanced']",0.4626995373004627,0.01801198198801801,0.5192884807115192,AWAY_WIN,HOME_WIN,0,0.7706773830686832,0.5586767449119514,-0.5373004626995372,0.01801198198801801,0.5192884807115192,32.6768,67.3232,1,1,1.0946901010883268,0.0,0.0,3.851255524643617,4.040635726820271,0.0,classification_weight_RandomForest,2026-10-01T01:22:20.127914+00:00,https://npb.jp/games/2026/schedule_09_detail.html,0.2051737957602264,0.20605149460305638,0.19181343403356785,0.2163392695973776,0.18062200600577163,NPB,NPB,310.03263418333336,True,311.61202411666665,,,,,,,,,NPB,UNKNOWN,UNKNOWN,UNKNOWN,UNKNOWN,NPB:UNKNOWN:UNKNOWN,UNKNOWN,3_TO_6H,,
f2670016c78da3ca2c3d4925,NPB-2026-09-26-2,2026-09-26,2026-09-26 05:00:00+00:00,2026-09-26 03:48:23.278553+00:00,2026-09-26T03:49:58.390524+00:00,横浜DeNAベイスターズ,阪神タイガース,尾形 崇斗,才木 浩人,s2_e2_m2,global,Production ML ensemble + PIT-safe direct run-rate fallback (degeneracy recovery),"['regime:s2_e2_m2', 'starter:balanced', 'starter_recent:balanced', 'offense:balanced', 'bullpen:balanced', 'rest:balanced', 'environment:high', 'trend:balanced']",0.69989,0.020509,0.279601,HOME_WIN,AWAY_WIN,0,1.2743916920909664,1.0092413503820001,0.69989,0.020509,-0.720399,46.2466,53.7534,1,1,3.1858313839322685,0.0,0.0,4.14332799828469,2.7716652304201532,0.0,classification_weight_RandomForest,2026-10-01T01:22:20.127914+00:00,https://npb.jp/games/2026/schedule_09_detail.html,0.2051737957602264,0.20605149460305638,0.19181343403356785,0.2163392695973776,0.18062200600577163,NPB,NPB,70.0268246,True,71.61202411666666,,,,,,,,,NPB,UNKNOWN,UNKNOWN,UNKNOWN,UNKNOWN,NPB:UNKNOWN:UNKNOWN,UNKNOWN,1_TO_3H,,
41b50ae62ce697e1180b1571,NPB-2026-09-26-3,2026-09-26,2026-09-26 05:00:00+00:00,2026-09-26 03:48:23.278553+00:00,2026-09-26T03:49:58.703372+00:00,埼玉西武ライオンズ,千葉ロッテマリーンズ,菅井 信也,小島 和哉,s2_e2_m2,global,Production ML ensemble + PIT-safe direct run-rate fallback (degeneracy recovery),"['regime:s2_e2_m2', 'starter:balanced', 'starter_recent:balanced', 'offense:balanced', 'bullpen:balanced', 'rest:balanced', 'environment:high', 'trend:balanced']",0.584587,0.019757,0.395656,HOME_WIN,HOME_WIN,1,0.5368496639795475,0.32950196995400005,-0.41541300000000003,0.019757,0.395656,38.3901,61.6099,1,1,0.7708912796787717,0.0,0.0,4.038422227662657,3.4197952129797993,0.0,classification_weight_RandomForest,2026-10-01T01:22:20.127914+00:00,https://npb.jp/games/2026/schedule_09_detail.html,0.2051737957602264,0.20605149460305638,0.19181343403356785,0.2163392695973776,0.18062200600577163,NPB,NPB,70.02161046666667,True,71.61202411666666,,,,,,,,,NPB,UNKNOWN,UNKNOWN,UNKNOWN,UNKNOWN,NPB:UNKNOWN:UNKNOWN,UNKNOWN,1_TO_3H,,
eb6ff78eb8dc7724c53c1281,NPB-2026-09-26-4,2026-09-26,2026-09-26 05:00:00+00:00,2026-09-26 03:48:23.278553+00:00,2026-09-26T03:49:59.029271+00:00,オリックス・バファローズ,北海道日本ハムファイターズ,Ａ．エスピノーザ,伊藤 大海,s2_e2_m2,global,Production ML ensemble + PIT-safe direct run-rate fallback (degeneracy recovery),"['regime:s2_e2_m2', 'starter:balanced', 'starter_recent:balanced', 'offense:balanced', 'bullpen:balanced', 'rest:away', 'environment:high', 'trend:home']",0.430825,0.015583,0.553592,AWAY_WIN,AWAY_WIN,1,0.5913273256501441,0.385133112978,0.430825,0.015583,-0.446408,26.5406,73.4594,0,0,3.2073441177288524,0.0,0.0,3.9942590381506857,4.420429197307019,0.0,classification_weight_RandomForest,2026-10-01T01:22:20.127914+00:00,https://npb.jp/games/2026/schedule_09_detail.html,0.2051737957602264,0.20605149460305638,0.19181343403356785,0.2163392695973776,0.18062200600577163,NPB,NPB,70.01617881666667,True,71.61202411666666,,,,,,,,,NPB,UNKNOWN,UNKNOWN,UNKNOWN,UNKNOWN,NPB:UNKNOWN:UNKNOWN,UNKNOWN,1_TO_3H,,
21cbed5d324e3a28449c2f3d,NPB-2026-09-26-5,2026-09-26,2026-09-26 09:00:00+00:00,2026-09-26 03:48:23.278553+00:00,2026-09-26T03:49:59.346377+00:00,福岡ソフトバンクホークス,東北楽天ゴールデンイーグルス,Ｌ．モイネロ,古謝 樹,s2_e1_m2,global,Production ML ensemble + PIT-safe direct run-rate fallback (degeneracy recovery),"['regime:s2_e1_m2', 'starter:balanced', 'starter_recent:balanced', 'offense:balanced', 'bullpen:balanced', 'rest:away', 'environment:high', 'trend:balanced']",0.7582260000000001,0.013149000000000001,0.22862500000000005,HOME_WIN,HOME_WIN,1,0.27677378474424763,0.110896953902,-0.24177399999999993,0.013149000000000001,0.22862500000000005,29.6597,70.3403,0,0,2.070222314736256,0.0,0.0,5.041847211040315,3.0985974184321976,0.0,classification_weight_RandomForest,2026-10-01T01:22:20.127914+00:00,https://npb.jp/games/2026/schedule_09_detail.html,0.2051737957602264,0.20605149460305638,0.19181343403356785,0.2163392695973776,0.18062200600577163,NPB,NPB,310.01089371666666,True,311.61202411666665,,,,,,,,,NPB,UNKNOWN,UNKNOWN,UNKNOWN,UNKNOWN,NPB:UNKNOWN:UNKNOWN,UNKNOWN,3_TO_6H,,
598e2ea17f32b2cc2e4e2de2,NPB-2026-10-01-1,2026-10-01,2026-10-01 09:00:00+00:00,2026-10-01 05:37:27.927274+00:00,2026-10-01T05:41:00.417810+00:00,阪神タイガース,読売ジャイアンツ,村上 頌樹,竹丸 和幸,s2_e1_m2,s2_e1_m2,BaseballBacktest.fit_ensemble + fit_score_ensemble + NPB extra-inning result calibration,"['regime:s2_e1_m2', 'starter:balanced', 'starter_recent:balanced', 'offense:balanced', 'bullpen:balanced', 'rest:away', 'environment:high', 'trend:home']",0.411513,0.026164,0.562323,AWAY_WIN,DRAW,0,3.643370858883171,1.433906660394,0.411513,-0.973836,0.562323,52.3713,47.6287,0,1,1.2589384128624923,0.0,0.0,3.0296069750885213,3.4882698506364633,0.0,classification_weight_KNNAnalog,2026-10-02T16:29:58.146825+00:00,https://npb.jp/games/2026/schedule_10_detail.html,0.2104474837417357,0.19573703501598685,0.21140197074361325,0.20211780978961494,0.18029570070904924,NPB,NPB,198.9930365,True,202.53454543333334,REVISED,dc319142e7d701b6f1674340,3.138599999999999,1.5692999999999984,False,0.33295911044524046,0.3310876531714565,0.335953236383303,NPB,UNKNOWN,UNKNOWN,UNKNOWN,UNKNOWN,NPB:UNKNOWN:UNKNOWN,UNKNOWN,3_TO_6H,,
90dee75f56b4a9759fb907bf,NPB-2026-10-01-2,2026-10-01,2026-10-01 09:00:00+00:00,2026-10-01 05:37:27.927274+00:00,2026-10-01T05:41:00.826661+00:00,広島東洋カープ,中日ドラゴンズ,床田 寛樹,大野 雄大,s2_e2_m2,s2_e2_m2,BaseballBacktest.fit_ensemble + fit_score_ensemble + NPB extra-inning result calibration,"['regime:s2_e2_m2', 'starter:balanced', 'starter_recent:balanced', 'offense:balanced', 'bullpen:balanced', 'rest:away', 'environment:high', 'trend:balanced']",0.41932558067441933,0.030190969809030188,0.5504834495165505,AWAY_WIN,HOME_WIN,0,0.8691076186185906,0.6411263041087506,-0.5806744193255806,0.030190969809030188,0.5504834495165505,59.5819,40.4181,0,1,2.191827356997649,0.0,0.0,2.840814487107149,3.224469201102447,0.0,classification_weight_KNNAnalog,2026-10-02T16:29:58.146825+00:00,https://npb.jp/games/2026/schedule_10_detail.html,0.20778204129946126,0.19824551345523783,0.21314259504918878,0.20733564397894783,0.17349420621716433,NPB,NPB,198.98622231666667,True,202.53454543333334,REVISED,1b18845796dc461e67683978,5.9853,2.992599999999996,False,0.33295911044524046,0.3310876531714565,0.335953236383303,NPB,UNKNOWN,UNKNOWN,UNKNOWN,UNKNOWN,NPB:UNKNOWN:UNKNOWN,UNKNOWN,3_TO_6H,,
3f1c9676ccba64f59fbb8dfb,NPB-2026-10-01-3,2026-10-01,2026-10-01 09:00:00+00:00,2026-10-01 05:37:27.927274+00:00,2026-10-01T05:41:01.242668+00:00,東北楽天ゴールデンイーグルス,福岡ソフトバンクホークス,瀧中 瞭太,上沢 直之,s2_e1_m2,s2_e1_m2,BaseballBacktest.fit_ensemble + fit_score_ensemble + NPB extra-inning result calibration,"['regime:s2_e1_m2', 'starter:balanced', 'starter_recent:balanced', 'offense:balanced', 'bullpen:balanced', 'rest:away', 'environment:high', 'trend:balanced']",0.285875,0.021292,0.6928329999999999,AWAY_WIN,AWAY_WIN,1,0.36696629007386,0.17652943077800004,0.285875,0.021292,-0.3071670000000001,47.6682,52.3318,1,1,2.342684804507048,0.0,0.0,2.753308151958837,4.067938542944741,0.0,classification_weight_KNNAnalog,2026-10-02T16:29:58.146825+00:00,https://npb.jp/games/2026/schedule_10_detail.html,0.2104474837417357,0.19573703501598685,0.21140197074361325,0.20211780978961494,0.18029570070904924,NPB,NPB,198.97928886666665,True,202.53454543333334,REVISED,356480f579d28cc873d0cbeb,0.7363000000000013,0.36820000000000164,False,0.33295911044524046,0.3310876531714565,0.335953236383303,NPB,UNKNOWN,UNKNOWN,UNKNOWN,UNKNOWN,NPB:UNKNOWN:UNKNOWN,UNKNOWN,3_TO_6H,,
f8017e2896866989cd19af3d,NPB-2026-10-01-4,2026-10-01,2026-10-01 09:00:00+00:00,2026-10-01 05:37:27.927274+00:00,2026-10-01T05:41:01.626142+00:00,千葉ロッテマリーンズ,北海道日本ハムファイターズ,Ｓ．ロング,北山 亘基,s2_e2_m2,s2_e2_m2,BaseballBacktest.fit_ensemble + fit_score_ensemble + NPB extra-inning result calibration,"['regime:s2_e2_m2', 'starter:balanced', 'starter_recent:balanced', 'offense:balanced', 'bullpen:balanced', 'rest:away', 'environment:high', 'trend:balanced']",0.508537,0.027135,0.464328,HOME_WIN,AWAY_WIN,0,0.7671640799378414,0.5462906801779999,0.508537,0.027135,-0.5356719999999999,53.4805,46.5195,0,1,1.2237648449616998,0.0,0.0,3.290283285683251,3.1572464042401487,0.0,classification_weight_KNNAnalog,2026-10-02T16:29:58.146825+00:00,https://npb.jp/games/2026/schedule_10_detail.html,0.20778204129946126,0.19824551345523783,0.21314259504918878,0.20733564397894783,0.17349420621716433,NPB,NPB,198.97289763333336,True,202.53454543333334,REVISED,9f501bf065df08a4765ff9be,3.735199999999994,1.867599999999996,False,0.33295911044524046,0.3310876531714565,0.335953236383303,NPB,UNKNOWN,UNKNOWN,UNKNOWN,UNKNOWN,NPB:UNKNOWN:UNKNOWN,UNKNOWN,3_TO_6H,,
12f29d34d7d855b55d1e47a6,NPB-2026-10-02-1,2026-10-02,2026-10-02 09:00:00+00:00,2026-10-02 03:46:27.662466+00:00,2026-10-02T03:50:06.636426+00:00,東京ヤクルトスワローズ,読売ジャイアンツ,山野 太一,山﨑 伊織,s2_e1_m2,recovery,Production ML ensemble + PIT-safe chronological direct run-rate recovery,"['regime:s2_e1_m2', 'starter:balanced', 'starter_recent:balanced', 'offense:balanced', 'bullpen:balanced', 'rest:away', 'environment:high', 'trend:balanced']",0.31087,0.01936,0.6697700000000001,AWAY_WIN,HOME_WIN,0,1.168380460622813,0.9238668194000001,-0.68913,0.01936,0.6697700000000001,41.1757,58.8243,0,0,2.59319727838871,0.0,0.0,3.036768557813742,4.223163114591162,0.0,classification_weight_CatBoost,2026-10-02T16:21:40.691392+00:00,https://npb.jp/games/2026/schedule_10_detail.html,0.2149592631870607,0.19297204943376603,0.2100553098920017,0.20076096117236256,0.1812524163148091,NPB,NPB,309.88939289999996,True,313.53895889999995,REVISED,0179445cc625da496bd8582a,0.25679999999999836,0.12839999999999918,False,,,,NPB,UNKNOWN,UNKNOWN,UNKNOWN,UNKNOWN,NPB:UNKNOWN:UNKNOWN,UNKNOWN,3_TO_6H,,
04ddd250dc6b9cc089ed387a,NPB-2026-10-02-2,2026-10-02,2026-10-02 09:00:00+00:00,2026-10-02 03:46:27.662466+00:00,2026-10-02T03:50:07.057166+00:00,千葉ロッテマリーンズ,福岡ソフトバンクホークス,田中 晴也,前田 悠伍,s2_e1_m2,recovery,Production ML ensemble + PIT-safe chronological direct run-rate recovery,"['regime:s2_e1_m2', 'starter:balanced', 'starter_recent:balanced', 'offense:balanced', 'bullpen:balanced', 'rest:away', 'environment:high', 'trend:away']",0.252907,0.012662,0.7344310000000001,AWAY_WIN,AWAY_WIN,1,0.3086592292377533,0.13464917065399995,0.252907,0.012662,-0.26556899999999994,25.8694,74.1306,1,1,0.7385924396925283,0.0,1.0,3.3491645259581286,5.128020353426928,0.0,classification_weight_CatBoost,2026-10-02T16:21:40.691392+00:00,https://npb.jp/games/2026/schedule_10_detail.html,0.2149592631870607,0.19297204943376603,0.2100553098920017,0.20076096117236256,0.1812524163148091,NPB,NPB,309.8823805666667,True,313.53895889999995,REVISED,43ab3a3fd3a81f1ccfcccdf6,0.5596999999999972,0.2798999999999978,False,,,,NPB,UNKNOWN,UNKNOWN,UNKNOWN,UNKNOWN,NPB:UNKNOWN:UNKNOWN,UNKNOWN,3_TO_6H,,
