prediction_id,source_run_id,game_id,date_key,datetime_jst,prediction_cutoff_utc,prediction_generated_at,prediction_horizon_minutes,home,away,home_starter,away_starter,regime,score_regime,model,situation_tags,home_win_pct,draw_pct,away_win_pct,predicted_outcome,actual_outcome,outcome_correct,logloss,brier,low_pct,high_pct,low_high_actual,low_high_predicted,low_high_correct,score_mae,top1_exact_hit,top4_hit,lambda_home,lambda_away,shared_lambda,dominant_classification_expert,experience_available_at_utc,source_url,classification_weight_CatBoost,classification_weight_ExtraTrees,classification_weight_KNNAnalog,classification_weight_RandomForest,classification_weight_XGBoost
a5a37dc9acd2752144b566d4,36151169660,NPB-2026-09-26-1,2026-09-26,2026-09-26 09:00:00+00:00,2026-09-25 18:27:52.686356+00:00,2026-09-25T18:29:20.845786+00:00,872.1218940666666,東京ヤクルトスワローズ,中日ドラゴンズ,高梨 裕稔,涌井 秀章,s2_e2_m2,global,Production ML ensemble + PIT-safe direct run-rate fallback (degeneracy recovery),"['regime:s2_e2_m2', 'starter:balanced', 'starter_recent:balanced', 'offense:balanced', 'bullpen:balanced', 'rest:balanced', 'environment:high', 'trend:away']",45.5236,1.8449,52.6315,AWAY_WIN,HOME_WIN,0,0.7869393131811648,0.5741156605219999,33.8865,66.1135,1,1,1,1.1182313453414978,0,0,3.7800231558052975,4.016485846488293,0.0,RandomForest,2026-09-27T13:09:42.624084+00:00,https://npb.jp/games/2026/schedule_09_detail.html,0.20356948591390817,0.2041792070611841,0.19921110095476172,0.21459361249052794,0.1784465935796181
6f8e037b1b0a68b5e15a9c50,36151169660,NPB-2026-09-26-2,2026-09-26,2026-09-26 05:00:00+00:00,2026-09-25 18:27:52.686356+00:00,2026-09-25T18:29:21.132777+00:00,632.1218940666666,横浜DeNAベイスターズ,阪神タイガース,尾形 崇斗,才木 浩人,s2_e2_m2,global,Production ML ensemble + PIT-safe direct run-rate fallback (degeneracy recovery),"['regime:s2_e2_m2', 'starter:balanced', 'starter_recent:balanced', 'offense:balanced', 'bullpen:balanced', 'rest:balanced', 'environment:high', 'trend:balanced']",69.2181,1.8829,28.899,HOME_WIN,AWAY_WIN,0,1.2413631935444953,0.985004288102,41.2611,58.7389,1,1,1,3.172191139814368,0,0,4.299185473248101,2.954803193619365,0.0,RandomForest,2026-09-27T13:09:42.624084+00:00,https://npb.jp/games/2026/schedule_09_detail.html,0.20356948591390817,0.2041792070611841,0.19921110095476172,0.21459361249052794,0.1784465935796181
fefabfc7b45607382bfd45b7,36151169660,NPB-2026-09-26-3,2026-09-26,2026-09-26 05:00:00+00:00,2026-09-25 18:27:52.686356+00:00,2026-09-25T18:29:21.419473+00:00,632.1218940666666,埼玉西武ライオンズ,千葉ロッテマリーンズ,菅井 信也,小島 和哉,s2_e2_m2,global,Production ML ensemble + PIT-safe direct run-rate fallback (degeneracy recovery),"['regime:s2_e2_m2', 'starter:balanced', 'starter_recent:balanced', 'offense:balanced', 'bullpen:balanced', 'rest:balanced', 'environment:high', 'trend:balanced']",59.2293,1.9931,38.7776,HOME_WIN,HOME_WIN,1,0.5237538341043576,0.31699246878599996,39.0668,60.9332,1,1,1,0.7953211096735826,0,0,4.038855416644083,3.370502364008752,0.0,RandomForest,2026-09-27T13:09:42.624084+00:00,https://npb.jp/games/2026/schedule_09_detail.html,0.20356948591390817,0.2041792070611841,0.19921110095476172,0.21459361249052794,0.1784465935796181
5de1a655079b185cabbd88dc,36151169660,NPB-2026-09-26-4,2026-09-26,2026-09-26 05:00:00+00:00,2026-09-25 18:27:52.686356+00:00,2026-09-25T18:29:21.704548+00:00,632.1218940666666,オリックス・バファローズ,北海道日本ハムファイターズ,Ａ．エスピノーザ,伊藤 大海,s2_e2_m2,global,Production ML ensemble + PIT-safe direct run-rate fallback (degeneracy recovery),"['regime:s2_e2_m2', 'starter:balanced', 'starter_recent:balanced', 'offense:balanced', 'bullpen:balanced', 'rest:home', 'environment:high', 'trend:home']",47.5144,1.5599,50.9257,AWAY_WIN,AWAY_WIN,1,0.6748024782652259,0.46683384158600005,26.1241,73.8759,0,1,0,3.226501320555702,0,0,4.167347877748951,4.285654763362452,0.0,RandomForest,2026-09-27T13:09:42.624084+00:00,https://npb.jp/games/2026/schedule_09_detail.html,0.20356948591390817,0.2041792070611841,0.19921110095476172,0.21459361249052794,0.1784465935796181
5499e8b3b8d506290f44c767,36151169660,NPB-2026-09-26-5,2026-09-26,2026-09-26 09:00:00+00:00,2026-09-25 18:27:52.686356+00:00,2026-09-25T18:29:21.987210+00:00,872.1218940666666,福岡ソフトバンクホークス,東北楽天ゴールデンイーグルス,Ｌ．モイネロ,古謝 樹,s2_e1_m2,global,Production ML ensemble + PIT-safe direct run-rate fallback (degeneracy recovery),"['regime:s2_e1_m2', 'starter:balanced', 'starter_recent:balanced', 'offense:balanced', 'bullpen:balanced', 'rest:home', 'environment:high', 'trend:balanced']",72.8452,1.4193,25.7355,HOME_WIN,HOME_WIN,1,0.3168335443302694,0.14017135357799998,30.3876,69.6124,0,1,0,2.0394988181179023,0,0,4.885172777868323,3.1938248583674818,0.0,RandomForest,2026-09-27T13:09:42.624084+00:00,https://npb.jp/games/2026/schedule_09_detail.html,0.2007480440828743,0.20625229443041868,0.1958216013942665,0.2151368948003454,0.1820411652920951
e7e3206526d49fd2df037b16,36174323213,NPB-2026-09-26-1,2026-09-26,2026-09-26 09:00:00+00:00,2026-09-25 18:35:51.685330+00:00,2026-09-25T18:37:28.746831+00:00,864.1385778333333,東京ヤクルトスワローズ,中日ドラゴンズ,高梨 裕稔,涌井 秀章,s2_e2_m2,global,Production ML ensemble + PIT-safe direct run-rate fallback (degeneracy recovery),"['regime:s2_e2_m2', 'starter:balanced', 'starter_recent:balanced', 'offense:balanced', 'bullpen:balanced', 'rest:balanced', 'environment:high', 'trend:away']",45.3849,1.8444,52.7707,AWAY_WIN,HOME_WIN,0,0.7899907353830861,0.577095773786,33.8865,66.1135,1,1,1,1.1228655337879057,0,0,3.77538896735889,4.021120034934701,0.0,RandomForest,2026-09-27T13:09:42.624084+00:00,https://npb.jp/games/2026/schedule_09_detail.html,0.20029065393090206,0.20630422519434932,0.1959730635070182,0.21563798127525546,0.18179407609247494
693fd357db3f24b259e5ea7b,36174323213,NPB-2026-09-26-2,2026-09-26,2026-09-26 05:00:00+00:00,2026-09-25 18:35:51.685330+00:00,2026-09-25T18:37:29.077086+00:00,624.1385778333333,横浜DeNAベイスターズ,阪神タイガース,尾形 崇斗,才木 浩人,s2_e2_m2,global,Production ML ensemble + PIT-safe direct run-rate fallback (degeneracy recovery),"['regime:s2_e2_m2', 'starter:balanced', 'starter_recent:balanced', 'offense:balanced', 'bullpen:balanced', 'rest:balanced', 'environment:high', 'trend:balanced']",68.4245,1.9036,29.6718,HOME_WIN,AWAY_WIN,0,1.2149720861843012,0.9631596806003979,41.2609,58.7391,1,1,1,3.143906249860618,0,0,4.270900583294351,2.983088083573115,0.0,RandomForest,2026-09-27T13:09:42.624084+00:00,https://npb.jp/games/2026/schedule_09_detail.html,0.20029065393090206,0.20630422519434932,0.1959730635070182,0.21563798127525546,0.18179407609247494
fc36c246fe724def71db4dc4,36174323213,NPB-2026-09-26-3,2026-09-26,2026-09-26 05:00:00+00:00,2026-09-25 18:35:51.685330+00:00,2026-09-25T18:37:29.425425+00:00,624.1385778333333,埼玉西武ライオンズ,千葉ロッテマリーンズ,菅井 信也,小島 和哉,s2_e2_m2,global,Production ML ensemble + PIT-safe direct run-rate fallback (degeneracy recovery),"['regime:s2_e2_m2', 'starter:balanced', 'starter_recent:balanced', 'offense:balanced', 'bullpen:balanced', 'rest:balanced', 'environment:high', 'trend:balanced']",59.5732,1.9887,38.4381,HOME_WIN,HOME_WIN,1,0.5179643774756844,0.3115768617539999,39.0668,60.9332,1,1,1,0.7953211096735826,0,0,4.050264881094973,3.3590928995578615,0.0,RandomForest,2026-09-27T13:09:42.624084+00:00,https://npb.jp/games/2026/schedule_09_detail.html,0.20029065393090206,0.20630422519434932,0.1959730635070182,0.21563798127525546,0.18179407609247494
989a05d4045b0d8ff404f81d,36174323213,NPB-2026-09-26-4,2026-09-26,2026-09-26 05:00:00+00:00,2026-09-25 18:35:51.685330+00:00,2026-09-25T18:37:29.751958+00:00,624.1385778333333,オリックス・バファローズ,北海道日本ハムファイターズ,Ａ．エスピノーザ,伊藤 大海,s2_e2_m2,global,Production ML ensemble + PIT-safe direct run-rate fallback (degeneracy recovery),"['regime:s2_e2_m2', 'starter:balanced', 'starter_recent:balanced', 'offense:balanced', 'bullpen:balanced', 'rest:home', 'environment:high', 'trend:home']",46.4429,1.5576,51.9995,AWAY_WIN,AWAY_WIN,1,0.6539360828375075,0.44634170784200006,26.1241,73.8759,0,1,0,3.226501320555702,0,0,4.130105610001623,4.322897031109781,0.0,RandomForest,2026-09-27T13:09:42.624084+00:00,https://npb.jp/games/2026/schedule_09_detail.html,0.20029065393090206,0.20630422519434932,0.1959730635070182,0.21563798127525546,0.18179407609247494
427d7d68781c48509271aa9d,36174323213,NPB-2026-09-26-5,2026-09-26,2026-09-26 09:00:00+00:00,2026-09-25 18:35:51.685330+00:00,2026-09-25T18:37:30.095588+00:00,864.1385778333333,福岡ソフトバンクホークス,東北楽天ゴールデンイーグルス,Ｌ．モイネロ,古謝 樹,s2_e1_m2,global,Production ML ensemble + PIT-safe direct run-rate fallback (degeneracy recovery),"['regime:s2_e1_m2', 'starter:balanced', 'starter_recent:balanced', 'offense:balanced', 'bullpen:balanced', 'rest:home', 'environment:high', 'trend:balanced']",73.9996,1.3885,24.6119,HOME_WIN,HOME_WIN,1,0.3011104982039363,0.128369435402,30.3881,69.6119,0,1,0,2.0394988181179023,0,0,4.931872399827692,3.1471252364081126,0.0,RandomForest,2026-09-27T13:09:42.624084+00:00,https://npb.jp/games/2026/schedule_09_detail.html,0.20029065393090206,0.20630422519434932,0.1959730635070182,0.21563798127525546,0.18179407609247494
5b0b66d2628b0d0ea7b6eced,36178541064,NPB-2026-09-26-1,2026-09-26,2026-09-26 09:00:00+00:00,2026-09-25 19:18:43.560810+00:00,2026-09-25T19:20:20.009988+00:00,821.2739865,東京ヤクルトスワローズ,中日ドラゴンズ,高梨 裕稔,涌井 秀章,s2_e2_m2,global,Production ML ensemble + PIT-safe direct run-rate fallback (degeneracy recovery),"['regime:s2_e2_m2', 'starter:balanced', 'starter_recent:balanced', 'offense:balanced', 'bullpen:balanced', 'rest:balanced', 'environment:high', 'trend:away']",46.268,1.8476,51.8844,AWAY_WIN,HOME_WIN,0,0.7707196085549363,0.558253241312,33.8865,66.1135,1,1,1,1.0933801432559314,0,0,3.804874357890864,3.9916346444027266,0.0,RandomForest,2026-09-27T13:09:42.624084+00:00,https://npb.jp/games/2026/schedule_09_detail.html,0.20304407511223183,0.21241560316612798,0.1961358112778613,0.21297805077443846,0.17542645966934037
90414cf95d27de8a21e8a222,36178541064,NPB-2026-09-26-2,2026-09-26,2026-09-26 05:00:00+00:00,2026-09-25 19:18:43.560810+00:00,2026-09-25T19:20:20.356140+00:00,581.2739865,横浜DeNAベイスターズ,阪神タイガース,尾形 崇斗,才木 浩人,s2_e2_m2,global,Production ML ensemble + PIT-safe direct run-rate fallback (degeneracy recovery),"['regime:s2_e2_m2', 'starter:balanced', 'starter_recent:balanced', 'offense:balanced', 'bullpen:balanced', 'rest:balanced', 'environment:high', 'trend:balanced']",68.9756,1.8893,29.135,HOME_WIN,AWAY_WIN,0,1.233228985392554,0.9783056467963152,41.261,58.739,1,1,1,3.1635205774721156,0,0,4.2905149109058485,2.9634737559616173,0.0,RandomForest,2026-09-27T13:09:42.624084+00:00,https://npb.jp/games/2026/schedule_09_detail.html,0.20304407511223183,0.21241560316612798,0.1961358112778613,0.21297805077443846,0.17542645966934037
1387ede2983be63b0b5d148b,36178541064,NPB-2026-09-26-3,2026-09-26,2026-09-26 05:00:00+00:00,2026-09-25 19:18:43.560810+00:00,2026-09-25T19:20:20.686484+00:00,581.2739865,埼玉西武ライオンズ,千葉ロッテマリーンズ,菅井 信也,小島 和哉,s2_e2_m2,global,Production ML ensemble + PIT-safe direct run-rate fallback (degeneracy recovery),"['regime:s2_e2_m2', 'starter:balanced', 'starter_recent:balanced', 'offense:balanced', 'bullpen:balanced', 'rest:balanced', 'environment:high', 'trend:balanced']",59.6138,1.9882,38.3981,HOME_WIN,HOME_WIN,1,0.5172840950942141,0.3109414031708827,39.0668,60.9332,1,1,1,0.7953211096735826,0,0,4.051612365671391,3.3577454149814434,0.0,RandomForest,2026-09-27T13:09:42.624084+00:00,https://npb.jp/games/2026/schedule_09_detail.html,0.20304407511223183,0.21241560316612798,0.1961358112778613,0.21297805077443846,0.17542645966934037
a2ac947173015547cc2c3da8,36178541064,NPB-2026-09-26-4,2026-09-26,2026-09-26 05:00:00+00:00,2026-09-25 19:18:43.560810+00:00,2026-09-25T19:20:21.004091+00:00,581.2739865,オリックス・バファローズ,北海道日本ハムファイターズ,Ａ．エスピノーザ,伊藤 大海,s2_e2_m2,global,Production ML ensemble + PIT-safe direct run-rate fallback (degeneracy recovery),"['regime:s2_e2_m2', 'starter:balanced', 'starter_recent:balanced', 'offense:balanced', 'bullpen:balanced', 'rest:home', 'environment:high', 'trend:home']",47.553,1.56,50.887,AWAY_WIN,AWAY_WIN,1,0.6755626978029423,0.46758081779999994,26.1241,73.8759,0,1,0,3.226501320555702,0,0,4.168690704615962,4.284311936495442,0.0,RandomForest,2026-09-27T13:09:42.624084+00:00,https://npb.jp/games/2026/schedule_09_detail.html,0.20304407511223183,0.21241560316612798,0.1961358112778613,0.21297805077443846,0.17542645966934037
1109cd28d404cf119636604c,36178541064,NPB-2026-09-26-5,2026-09-26,2026-09-26 09:00:00+00:00,2026-09-25 19:18:43.560810+00:00,2026-09-25T19:20:21.329454+00:00,821.2739865,福岡ソフトバンクホークス,東北楽天ゴールデンイーグルス,Ｌ．モイネロ,古謝 樹,s2_e1_m2,global,Production ML ensemble + PIT-safe direct run-rate fallback (degeneracy recovery),"['regime:s2_e1_m2', 'starter:balanced', 'starter_recent:balanced', 'offense:balanced', 'bullpen:balanced', 'rest:home', 'environment:high', 'trend:balanced']",73.8348,1.393,24.7723,HOME_WIN,HOME_WIN,1,0.3033410208079891,0.130022761992346,30.388,69.612,0,1,0,2.0394988181179023,0,0,4.925144718926082,3.153852917309723,0.0,RandomForest,2026-09-27T13:09:42.624084+00:00,https://npb.jp/games/2026/schedule_09_detail.html,0.20304407511223183,0.21241560316612798,0.1961358112778613,0.21297805077443846,0.17542645966934037
492a6eae67196001d69bf8c1,36180732715,NPB-2026-09-26-1,2026-09-26,2026-09-26 09:00:00+00:00,2026-09-25 19:38:06.656476+00:00,2026-09-25T19:39:44.899937+00:00,801.8890587333334,東京ヤクルトスワローズ,中日ドラゴンズ,高梨 裕稔,涌井 秀章,s2_e2_m2,global,Production ML ensemble + PIT-safe direct run-rate fallback (degeneracy recovery),"['regime:s2_e2_m2', 'starter:balanced', 'starter_recent:balanced', 'offense:balanced', 'bullpen:balanced', 'rest:balanced', 'environment:high', 'trend:away']",44.3114,1.8393,53.8493,AWAY_WIN,HOME_WIN,0,0.8139282056992037,0.600435030494,33.8865,66.1135,1,1,1,1.1588065034956876,0,0,3.7394479976511077,4.057061004642483,0.0,ExtraTrees,2026-09-27T13:09:42.624084+00:00,https://npb.jp/games/2026/schedule_09_detail.html,0.20249690121819394,0.20987806025439446,0.19658154741605902,0.20879082080117586,0.1822526703101768
905ba9227a938e695fe3d01a,36180732715,NPB-2026-09-26-2,2026-09-26,2026-09-26 05:00:00+00:00,2026-09-25 19:38:06.656476+00:00,2026-09-25T19:39:45.233609+00:00,561.8890587333334,横浜DeNAベイスターズ,阪神タイガース,尾形 崇斗,才木 浩人,s2_e2_m2,global,Production ML ensemble + PIT-safe direct run-rate fallback (degeneracy recovery),"['regime:s2_e2_m2', 'starter:balanced', 'starter_recent:balanced', 'offense:balanced', 'bullpen:balanced', 'rest:balanced', 'environment:high', 'trend:balanced']",68.2485,1.9081,29.8433,HOME_WIN,AWAY_WIN,0,1.2092088269543013,0.9583466288342993,41.2609,58.7391,1,1,1,3.1376707680581744,0,0,4.264665101491907,2.9893235653755585,0.0,ExtraTrees,2026-09-27T13:09:42.624084+00:00,https://npb.jp/games/2026/schedule_09_detail.html,0.20249690121819394,0.20987806025439446,0.19658154741605902,0.20879082080117586,0.1822526703101768
d2cef0cb88061eb47f4cf597,36180732715,NPB-2026-09-26-3,2026-09-26,2026-09-26 05:00:00+00:00,2026-09-25 19:38:06.656476+00:00,2026-09-25T19:39:45.570557+00:00,561.8890587333334,埼玉西武ライオンズ,千葉ロッテマリーンズ,菅井 信也,小島 和哉,s2_e2_m2,global,Production ML ensemble + PIT-safe direct run-rate fallback (degeneracy recovery),"['regime:s2_e2_m2', 'starter:balanced', 'starter_recent:balanced', 'offense:balanced', 'bullpen:balanced', 'rest:balanced', 'environment:high', 'trend:balanced']",60.4778,1.9764,37.5458,HOME_WIN,HOME_WIN,1,0.5028938304397998,0.297559754744,39.0669,60.9331,1,1,1,0.7953211096735824,0,0,4.0803809125309325,3.3289768681219027,0.0,ExtraTrees,2026-09-27T13:09:42.624084+00:00,https://npb.jp/games/2026/schedule_09_detail.html,0.20249690121819394,0.20987806025439446,0.19658154741605902,0.20879082080117586,0.1822526703101768
05668e42166cc33d54e3bab8,36180732715,NPB-2026-09-26-4,2026-09-26,2026-09-26 05:00:00+00:00,2026-09-25 19:38:06.656476+00:00,2026-09-25T19:39:45.892192+00:00,561.8890587333334,オリックス・バファローズ,北海道日本ハムファイターズ,Ａ．エスピノーザ,伊藤 大海,s2_e2_m2,global,Production ML ensemble + PIT-safe direct run-rate fallback (degeneracy recovery),"['regime:s2_e2_m2', 'starter:balanced', 'starter_recent:balanced', 'offense:balanced', 'bullpen:balanced', 'rest:home', 'environment:high', 'trend:home']",46.7541,1.5584,51.6875,AWAY_WIN,AWAY_WIN,1,0.6599542132041814,0.452247213362,26.1241,73.8759,0,1,0,3.226501320555702,0,0,4.140930612159713,4.3120720289516905,0.0,ExtraTrees,2026-09-27T13:09:42.624084+00:00,https://npb.jp/games/2026/schedule_09_detail.html,0.20249690121819394,0.20987806025439446,0.19658154741605902,0.20879082080117586,0.1822526703101768
e3171b4330420988bcbbdd2d,36180732715,NPB-2026-09-26-5,2026-09-26,2026-09-26 09:00:00+00:00,2026-09-25 19:38:06.656476+00:00,2026-09-25T19:39:46.228945+00:00,801.8890587333334,福岡ソフトバンクホークス,東北楽天ゴールデンイーグルス,Ｌ．モイネロ,古謝 樹,s2_e1_m2,global,Production ML ensemble + PIT-safe direct run-rate fallback (degeneracy recovery),"['regime:s2_e1_m2', 'starter:balanced', 'starter_recent:balanced', 'offense:balanced', 'bullpen:balanced', 'rest:home', 'environment:high', 'trend:balanced']",73.1444,1.4115,25.4441,HOME_WIN,HOME_WIN,1,0.3127346164763668,0.13706178084199994,30.3877,69.6123,0,1,0,2.0394988181179023,0,0,4.897187554014416,3.181810082221388,0.0,ExtraTrees,2026-09-27T13:09:42.624084+00:00,https://npb.jp/games/2026/schedule_09_detail.html,0.20249690121819394,0.20987806025439446,0.19658154741605902,0.20879082080117586,0.1822526703101768
589120ac8e09ef9ed37d13a3,36191765752,NPB-2026-09-26-1,2026-09-26,2026-09-26 09:00:00+00:00,2026-09-25 21:30:52.395285+00:00,2026-09-25T21:31:55.645250+00:00,689.12674525,東京ヤクルトスワローズ,中日ドラゴンズ,高梨 裕稔,涌井 秀章,s2_e2_m2,global,Production ML ensemble + PIT-safe direct run-rate fallback (degeneracy recovery),"['regime:s2_e2_m2', 'starter:balanced', 'starter_recent:balanced', 'offense:balanced', 'bullpen:balanced', 'rest:balanced', 'environment:high', 'trend:away']",44.7317,1.8414,53.4269,AWAY_WIN,HOME_WIN,0,0.8044877634528836,0.591240938246,33.8865,66.1135,1,1,1,1.1447211139518434,0,0,3.753533387194952,4.042975615098639,0.0,RandomForest,2026-09-27T13:09:42.624084+00:00,https://npb.jp/games/2026/schedule_09_detail.html,0.20478941840428447,0.20752715596650637,0.19969984102027577,0.21398782553465295,0.17399575907428044
44377ae77098752ad2d51d4b,36191765752,NPB-2026-09-26-2,2026-09-26,2026-09-26 05:00:00+00:00,2026-09-25 21:30:52.395285+00:00,2026-09-25T21:31:55.816883+00:00,449.12674525,横浜DeNAベイスターズ,阪神タイガース,尾形 崇斗,才木 浩人,s2_e2_m2,global,Production ML ensemble + PIT-safe direct run-rate fallback (degeneracy recovery),"['regime:s2_e2_m2', 'starter:balanced', 'starter_recent:balanced', 'offense:balanced', 'bullpen:balanced', 'rest:balanced', 'environment:high', 'trend:balanced']",68.4309,1.9035,29.6657,HOME_WIN,AWAY_WIN,0,1.215179689724103,0.9633319943770479,41.2609,58.7391,1,1,1,3.1441308430560744,0,0,4.271125176489807,2.9828634903776585,0.0,RandomForest,2026-09-27T13:09:42.624084+00:00,https://npb.jp/games/2026/schedule_09_detail.html,0.20478941840428447,0.20752715596650637,0.19969984102027577,0.21398782553465295,0.17399575907428044
7343120322fc52865de5b9dd,36191765752,NPB-2026-09-26-3,2026-09-26,2026-09-26 05:00:00+00:00,2026-09-25 21:30:52.395285+00:00,2026-09-25T21:31:55.996610+00:00,449.12674525,埼玉西武ライオンズ,千葉ロッテマリーンズ,菅井 信也,小島 和哉,s2_e2_m2,global,Production ML ensemble + PIT-safe direct run-rate fallback (degeneracy recovery),"['regime:s2_e2_m2', 'starter:balanced', 'starter_recent:balanced', 'offense:balanced', 'bullpen:balanced', 'rest:balanced', 'environment:high', 'trend:balanced']",59.564,1.9888,38.4472,HOME_WIN,HOME_WIN,1,0.5181188212601328,0.311721260928,39.0668,60.9332,1,1,1,0.7953211096735826,0,0,4.049959168478955,3.35939861217388,0.0,RandomForest,2026-09-27T13:09:42.624084+00:00,https://npb.jp/games/2026/schedule_09_detail.html,0.20478941840428447,0.20752715596650637,0.19969984102027577,0.21398782553465295,0.17399575907428044
6ffd59524792ff6a5017f7fc,36191765752,NPB-2026-09-26-4,2026-09-26,2026-09-26 05:00:00+00:00,2026-09-25 21:30:52.395285+00:00,2026-09-25T21:31:56.177008+00:00,449.12674525,オリックス・バファローズ,北海道日本ハムファイターズ,Ａ．エスピノーザ,伊藤 大海,s2_e2_m2,global,Production ML ensemble + PIT-safe direct run-rate fallback (degeneracy recovery),"['regime:s2_e2_m2', 'starter:balanced', 'starter_recent:balanced', 'offense:balanced', 'bullpen:balanced', 'rest:home', 'environment:high', 'trend:home']",47.0718,1.5591,51.3691,AWAY_WIN,AWAY_WIN,1,0.6661333616156712,0.458314958286,26.1241,73.8759,0,1,0,3.226501320555702,0,0,4.151974023399982,4.301028617711422,0.0,RandomForest,2026-09-27T13:09:42.624084+00:00,https://npb.jp/games/2026/schedule_09_detail.html,0.20478941840428447,0.20752715596650637,0.19969984102027577,0.21398782553465295,0.17399575907428044
c0c636e0836474d2240efbe1,36191765752,NPB-2026-09-26-5,2026-09-26,2026-09-26 09:00:00+00:00,2026-09-25 21:30:52.395285+00:00,2026-09-25T21:31:56.361132+00:00,689.12674525,福岡ソフトバンクホークス,東北楽天ゴールデンイーグルス,Ｌ．モイネロ,古謝 樹,s2_e1_m2,global,Production ML ensemble + PIT-safe direct run-rate fallback (degeneracy recovery),"['regime:s2_e1_m2', 'starter:balanced', 'starter_recent:balanced', 'offense:balanced', 'bullpen:balanced', 'rest:home', 'environment:high', 'trend:balanced']",73.1571,1.4111,25.4318,HOME_WIN,HOME_WIN,1,0.3125610023981531,0.13693089348600002,30.3877,69.6123,0,1,0,2.0394988181179023,0,0,4.8976962816350085,3.1813013546007967,0.0,RandomForest,2026-09-27T13:09:42.624084+00:00,https://npb.jp/games/2026/schedule_09_detail.html,0.20104519175100116,0.20916262282433773,0.1960503848858279,0.21460713438671042,0.17913466615212284
dc4be255dfc1991208bb81ca,36201566450,NPB-2026-09-26-1,2026-09-26,2026-09-26 09:00:00+00:00,2026-09-25 23:35:58.501955+00:00,2026-09-25T23:37:36.139068+00:00,564.0249674166666,東京ヤクルトスワローズ,中日ドラゴンズ,高梨 裕稔,涌井 秀章,s2_e2_m2,global,Production ML ensemble + PIT-safe direct run-rate fallback (degeneracy recovery),"['regime:s2_e2_m2', 'starter:balanced', 'starter_recent:balanced', 'offense:balanced', 'bullpen:balanced', 'rest:balanced', 'environment:high', 'trend:away']",46.3441,1.8478,51.8081,AWAY_WIN,HOME_WIN,0,0.7690761944194694,0.5566449195259999,33.8865,66.1135,1,1,1,1.0908428898105293,0,0,3.8074116113362657,3.9890973909573244,0.0,CatBoost,2026-09-27T13:09:42.624084+00:00,https://npb.jp/games/2026/schedule_09_detail.html,0.21024009753243003,0.20238266090695095,0.19915731803978706,0.20933759485975525,0.1788823286610767
f43c91b68d82cf39af3c83d4,36201566450,NPB-2026-09-26-2,2026-09-26,2026-09-26 05:00:00+00:00,2026-09-25 23:35:58.501955+00:00,2026-09-25T23:37:36.486770+00:00,324.0249674166667,横浜DeNAベイスターズ,阪神タイガース,尾形 崇斗,才木 浩人,s2_e2_m2,global,Production ML ensemble + PIT-safe direct run-rate fallback (degeneracy recovery),"['regime:s2_e2_m2', 'starter:balanced', 'starter_recent:balanced', 'offense:balanced', 'bullpen:balanced', 'rest:balanced', 'environment:high', 'trend:balanced']",68.2288,1.9086,29.8626,HOME_WIN,AWAY_WIN,0,1.2085633246603138,0.9578066782160001,41.2609,58.7391,1,1,1,3.1369731666557588,0,0,4.263967500089492,2.990021166777974,0.0,CatBoost,2026-09-27T13:09:42.624084+00:00,https://npb.jp/games/2026/schedule_09_detail.html,0.21024009753243003,0.20238266090695095,0.19915731803978706,0.20933759485975525,0.1788823286610767
94bad9c918fc1cbb5a70a7d5,36201566450,NPB-2026-09-26-3,2026-09-26,2026-09-26 05:00:00+00:00,2026-09-25 23:35:58.501955+00:00,2026-09-25T23:37:36.836701+00:00,324.0249674166667,埼玉西武ライオンズ,千葉ロッテマリーンズ,菅井 信也,小島 和哉,s2_e2_m2,global,Production ML ensemble + PIT-safe direct run-rate fallback (degeneracy recovery),"['regime:s2_e2_m2', 'starter:balanced', 'starter_recent:balanced', 'offense:balanced', 'bullpen:balanced', 'rest:balanced', 'environment:high', 'trend:balanced']",59.5546,1.9889,38.4565,HOME_WIN,HOME_WIN,1,0.518276647158347,0.31186884966199996,39.0668,60.9332,1,1,1,0.7953211096735828,0,0,4.049645509107648,3.359712271545186,0.0,CatBoost,2026-09-27T13:09:42.624084+00:00,https://npb.jp/games/2026/schedule_09_detail.html,0.21024009753243003,0.20238266090695095,0.19915731803978706,0.20933759485975525,0.1788823286610767
c65e095e6df1f65dbbd54e59,36201566450,NPB-2026-09-26-4,2026-09-26,2026-09-26 05:00:00+00:00,2026-09-25 23:35:58.501955+00:00,2026-09-25T23:37:37.161418+00:00,324.0249674166667,オリックス・バファローズ,北海道日本ハムファイターズ,Ａ．エスピノーザ,伊藤 大海,s2_e2_m2,global,Production ML ensemble + PIT-safe direct run-rate fallback (degeneracy recovery),"['regime:s2_e2_m2', 'starter:balanced', 'starter_recent:balanced', 'offense:balanced', 'bullpen:balanced', 'rest:home', 'environment:high', 'trend:home']",47.4447,1.5598,50.9955,AWAY_WIN,AWAY_WIN,1,0.6734327924508458,0.4654873554379999,26.1241,73.8759,0,1,0,3.226501320555702,0,0,4.164928630534919,4.2880740105764845,0.0,CatBoost,2026-09-27T13:09:42.624084+00:00,https://npb.jp/games/2026/schedule_09_detail.html,0.21024009753243003,0.20238266090695095,0.19915731803978706,0.20933759485975525,0.1788823286610767
3380b5db4d312ae048ad30a5,36201566450,NPB-2026-09-26-5,2026-09-26,2026-09-26 09:00:00+00:00,2026-09-25 23:35:58.501955+00:00,2026-09-25T23:37:37.497433+00:00,564.0249674166666,福岡ソフトバンクホークス,東北楽天ゴールデンイーグルス,Ｌ．モイネロ,古謝 樹,s2_e1_m2,global,Production ML ensemble + PIT-safe direct run-rate fallback (degeneracy recovery),"['regime:s2_e1_m2', 'starter:balanced', 'starter_recent:balanced', 'offense:balanced', 'bullpen:balanced', 'rest:home', 'environment:high', 'trend:balanced']",73.7383,1.3956,24.8661,HOME_WIN,HOME_WIN,1,0.3046478474212601,0.13099475154600004,30.388,69.612,0,1,0,2.0394988181179023,0,0,4.921217775197948,3.157779861037857,0.0,RandomForest,2026-09-27T13:09:42.624084+00:00,https://npb.jp/games/2026/schedule_09_detail.html,0.2074014726017392,0.20513824142914674,0.19499353970225855,0.21083853871094926,0.1816282075559062
766a809964debf6804b6669b,36207550938,NPB-2026-09-26-1,2026-09-26,2026-09-26 09:00:00+00:00,2026-09-26 01:11:46.672567+00:00,2026-09-26T01:13:17.935390+00:00,468.2221238833333,東京ヤクルトスワローズ,中日ドラゴンズ,高梨 裕稔,涌井 秀章,s2_e2_m2,global,Production ML ensemble + PIT-safe direct run-rate fallback (degeneracy recovery),"['regime:s2_e2_m2', 'starter:balanced', 'starter_recent:balanced', 'offense:balanced', 'bullpen:balanced', 'rest:balanced', 'environment:high', 'trend:balanced']",46.3178,1.8013,51.8809,AWAY_WIN,HOME_WIN,0,0.7696438495335179,0.5576651063339999,32.6768,67.3232,1,1,1,1.093085891365758,0,0,3.852859734366186,4.039031517097702,0.0,RandomForest,2026-09-27T13:09:42.624084+00:00,https://npb.jp/games/2026/schedule_09_detail.html,0.20558161790817472,0.20435215335202975,0.19358462392647996,0.21686355999210735,0.17961804482120824
7f2487c43c186e95807068b3,36207550938,NPB-2026-09-26-2,2026-09-26,2026-09-26 05:00:00+00:00,2026-09-26 01:11:46.672567+00:00,2026-09-26T01:13:18.194086+00:00,228.22212388333335,横浜DeNAベイスターズ,阪神タイガース,尾形 崇斗,才木 浩人,s2_e2_m2,global,Production ML ensemble + PIT-safe direct run-rate fallback (degeneracy recovery),"['regime:s2_e2_m2', 'starter:balanced', 'starter_recent:balanced', 'offense:balanced', 'bullpen:balanced', 'rest:balanced', 'environment:high', 'trend:balanced']",70.5476,2.0336,27.4188,HOME_WIN,AWAY_WIN,0,1.2939412764877294,1.0249129988160002,46.2467,53.7533,1,1,1,3.205608553396232,0,0,4.163105167748653,2.751888060956189,0.0,RandomForest,2026-09-27T13:09:42.624084+00:00,https://npb.jp/games/2026/schedule_09_detail.html,0.20558161790817472,0.20435215335202975,0.19358462392647996,0.21686355999210735,0.17961804482120824
7e1503ef209e3c45b72574fa,36207550938,NPB-2026-09-26-3,2026-09-26,2026-09-26 05:00:00+00:00,2026-09-26 01:11:46.672567+00:00,2026-09-26T01:13:18.447879+00:00,228.22212388333335,埼玉西武ライオンズ,千葉ロッテマリーンズ,菅井 信也,小島 和哉,s2_e2_m2,global,Production ML ensemble + PIT-safe direct run-rate fallback (degeneracy recovery),"['regime:s2_e2_m2', 'starter:balanced', 'starter_recent:balanced', 'offense:balanced', 'bullpen:balanced', 'rest:balanced', 'environment:high', 'trend:balanced']",56.258,1.9981,41.7439,HOME_WIN,HOME_WIN,1,0.5752219327939609,0.36599081548199985,38.3899,61.6101,1,1,1,0.7708912796787715,0,0,3.9658851125066406,3.4923323281358165,0.0,RandomForest,2026-09-27T13:09:42.624084+00:00,https://npb.jp/games/2026/schedule_09_detail.html,0.20558161790817472,0.20435215335202975,0.19358462392647996,0.21686355999210735,0.17961804482120824
46c89da327749d2bcbb65329,36207550938,NPB-2026-09-26-4,2026-09-26,2026-09-26 05:00:00+00:00,2026-09-26 01:11:46.672567+00:00,2026-09-26T01:13:18.710588+00:00,228.22212388333335,オリックス・バファローズ,北海道日本ハムファイターズ,Ａ．エスピノーザ,伊藤 大海,s2_e2_m2,global,Production ML ensemble + PIT-safe direct run-rate fallback (degeneracy recovery),"['regime:s2_e2_m2', 'starter:balanced', 'starter_recent:balanced', 'offense:balanced', 'bullpen:balanced', 'rest:away', 'environment:high', 'trend:home']",43.8206,1.5624,54.617,AWAY_WIN,AWAY_WIN,1,0.604824996386883,0.39823027671200006,26.5405,73.4595,0,1,0,3.2073441177288524,0,0,4.020106533834354,4.394581701623351,0.0,RandomForest,2026-09-27T13:09:42.624084+00:00,https://npb.jp/games/2026/schedule_09_detail.html,0.20558161790817472,0.20435215335202975,0.19358462392647996,0.21686355999210735,0.17961804482120824
481526ce3c1c74865625c640,36207550938,NPB-2026-09-26-5,2026-09-26,2026-09-26 09:00:00+00:00,2026-09-26 01:11:46.672567+00:00,2026-09-26T01:13:18.968430+00:00,468.2221238833333,福岡ソフトバンクホークス,東北楽天ゴールデンイーグルス,Ｌ．モイネロ,古謝 樹,s2_e1_m2,global,Production ML ensemble + PIT-safe direct run-rate fallback (degeneracy recovery),"['regime:s2_e1_m2', 'starter:balanced', 'starter_recent:balanced', 'offense:balanced', 'bullpen:balanced', 'rest:away', 'environment:high', 'trend:balanced']",76.051,1.3082,22.6409,HOME_WIN,HOME_WIN,1,0.2737670181248215,0.10878789551010015,29.6598,70.3402,0,1,0,2.070222314736256,0,0,5.051576484030142,3.08886814544237,0.0,RandomForest,2026-09-27T13:09:42.624084+00:00,https://npb.jp/games/2026/schedule_09_detail.html,0.20558161790817472,0.20435215335202975,0.19358462392647996,0.21686355999210735,0.17961804482120824
4949c7c55e7c0ce94d8323a5,36213500133,NPB-2026-09-26-1,2026-09-26,2026-09-26 09:00:00+00:00,2026-09-26 03:02:05.385170+00:00,2026-09-26T03:03:00.272953+00:00,357.91024716666664,東京ヤクルトスワローズ,中日ドラゴンズ,高梨 裕稔,涌井 秀章,s2_e2_m2,global,Production ML ensemble + PIT-safe direct run-rate fallback (degeneracy recovery),"['regime:s2_e2_m2', 'starter:balanced', 'starter_recent:balanced', 'offense:balanced', 'bullpen:balanced', 'rest:balanced', 'environment:high', 'trend:balanced']",47.0118,1.8032,51.1851,AWAY_WIN,HOME_WIN,0,0.7547725519589947,0.5430915067304434,32.6767,67.3233,1,1,1,1.069807104993359,0,0,3.8761385207385852,4.015752730725303,0.0,RandomForest,2026-09-27T13:09:42.624084+00:00,https://npb.jp/games/2026/schedule_09_detail.html,0.20312112350717032,0.20129832792929023,0.1969111276585875,0.21768345510096399,0.18098596580398796
e6a01255bd63ec212ef036d0,36213500133,NPB-2026-09-26-2,2026-09-26,2026-09-26 05:00:00+00:00,2026-09-26 03:02:05.385170+00:00,2026-09-26T03:03:00.424973+00:00,117.91024716666668,横浜DeNAベイスターズ,阪神タイガース,尾形 崇斗,才木 浩人,s2_e2_m2,global,Production ML ensemble + PIT-safe direct run-rate fallback (degeneracy recovery),"['regime:s2_e2_m2', 'starter:balanced', 'starter_recent:balanced', 'offense:balanced', 'bullpen:balanced', 'rest:balanced', 'environment:high', 'trend:balanced']",70.156,2.0458,27.7982,HOME_WIN,AWAY_WIN,0,1.2801989155891942,1.013914955688,46.2467,53.7533,1,1,1,3.1917290446574347,0,0,4.149225659009856,2.765767569694987,0.0,RandomForest,2026-09-27T13:09:42.624084+00:00,https://npb.jp/games/2026/schedule_09_detail.html,0.20312112350717032,0.20129832792929023,0.1969111276585875,0.21768345510096399,0.18098596580398796
9225c25260425e82b14b010e,36213500133,NPB-2026-09-26-3,2026-09-26,2026-09-26 05:00:00+00:00,2026-09-26 03:02:05.385170+00:00,2026-09-26T03:03:00.588748+00:00,117.91024716666668,埼玉西武ライオンズ,千葉ロッテマリーンズ,菅井 信也,小島 和哉,s2_e2_m2,global,Production ML ensemble + PIT-safe direct run-rate fallback (degeneracy recovery),"['regime:s2_e2_m2', 'starter:balanced', 'starter_recent:balanced', 'offense:balanced', 'bullpen:balanced', 'rest:balanced', 'environment:high', 'trend:balanced']",56.6591,1.9944,41.3464,HOME_WIN,HOME_WIN,1,0.5681165759330495,0.3591934552825513,38.39,61.61,1,1,1,0.7708912796787719,0,0,3.9790577223510897,3.4791597182913665,0.0,RandomForest,2026-09-27T13:09:42.624084+00:00,https://npb.jp/games/2026/schedule_09_detail.html,0.20312112350717032,0.20129832792929023,0.1969111276585875,0.21768345510096399,0.18098596580398796
4358bf14fc34e9a1f06d9211,36213500133,NPB-2026-09-26-4,2026-09-26,2026-09-26 05:00:00+00:00,2026-09-26 03:02:05.385170+00:00,2026-09-26T03:03:00.773583+00:00,117.91024716666668,オリックス・バファローズ,北海道日本ハムファイターズ,Ａ．エスピノーザ,伊藤 大海,s2_e2_m2,global,Production ML ensemble + PIT-safe direct run-rate fallback (degeneracy recovery),"['regime:s2_e2_m2', 'starter:balanced', 'starter_recent:balanced', 'offense:balanced', 'bullpen:balanced', 'rest:away', 'environment:high', 'trend:home']",43.8942,1.5628,54.543,AWAY_WIN,AWAY_WIN,1,0.606180804582846,0.39954819864800006,26.5405,73.4595,0,1,0,3.2073441177288524,0,0,4.022682884378867,4.392005351078838,0.0,RandomForest,2026-09-27T13:09:42.624084+00:00,https://npb.jp/games/2026/schedule_09_detail.html,0.20312112350717032,0.20129832792929023,0.1969111276585875,0.21768345510096399,0.18098596580398796
3cf7a3f0488dca6fa7adb2d1,36213500133,NPB-2026-09-26-5,2026-09-26,2026-09-26 09:00:00+00:00,2026-09-26 03:02:05.385170+00:00,2026-09-26T03:03:00.911764+00:00,357.91024716666664,福岡ソフトバンクホークス,東北楽天ゴールデンイーグルス,Ｌ．モイネロ,古謝 樹,s2_e1_m2,global,Production ML ensemble + PIT-safe direct run-rate fallback (degeneracy recovery),"['regime:s2_e1_m2', 'starter:balanced', 'starter_recent:balanced', 'offense:balanced', 'bullpen:balanced', 'rest:away', 'environment:high', 'trend:balanced']",76.2099,1.3035,22.4867,HOME_WIN,HOME_WIN,1,0.27167981047418416,0.10733222585344093,29.6599,70.3401,0,1,0,2.070222314736256,0,0,5.05837361555903,3.082071013913482,0.0,RandomForest,2026-09-27T13:09:42.624084+00:00,https://npb.jp/games/2026/schedule_09_detail.html,0.2013858477692413,0.20555652322449383,0.1940999467716166,0.21866993305156868,0.18028774918307955
bc69ab159d930c13242b54a0,36213682220,NPB-2026-09-26-1,2026-09-26,2026-09-26 09:00:00+00:00,2026-09-26 03:05:44.954753+00:00,2026-09-26T03:06:37.686032+00:00,354.25075411666666,東京ヤクルトスワローズ,中日ドラゴンズ,高梨 裕稔,涌井 秀章,s2_e2_m2,global,Production ML ensemble + PIT-safe direct run-rate fallback (degeneracy recovery),"['regime:s2_e2_m2', 'starter:balanced', 'starter_recent:balanced', 'offense:balanced', 'bullpen:balanced', 'rest:balanced', 'environment:high', 'trend:balanced']",45.9714,1.8002,52.2284,AWAY_WIN,HOME_WIN,0,0.7771507219893548,0.565013610456,32.6768,67.3232,1,1,1,1.1047170246663272,0,0,3.841228601065617,4.050662650398271,0.0,RandomForest,2026-09-27T13:09:42.624084+00:00,https://npb.jp/games/2026/schedule_09_detail.html,0.20717304837314054,0.20171416693823424,0.195084548821652,0.21593198164355695,0.18009625422341613
ab42ec6ca73a385c50a8b6df,36213682220,NPB-2026-09-26-2,2026-09-26,2026-09-26 05:00:00+00:00,2026-09-26 03:05:44.954753+00:00,2026-09-26T03:06:37.836981+00:00,114.25075411666667,横浜DeNAベイスターズ,阪神タイガース,尾形 崇斗,才木 浩人,s2_e2_m2,global,Production ML ensemble + PIT-safe direct run-rate fallback (degeneracy recovery),"['regime:s2_e2_m2', 'starter:balanced', 'starter_recent:balanced', 'offense:balanced', 'bullpen:balanced', 'rest:balanced', 'environment:high', 'trend:balanced']",69.9248,2.0528,28.0223,HOME_WIN,AWAY_WIN,0,1.2721685642219032,1.0074486693603313,46.2466,53.7534,1,1,1,3.1835691711648857,0,0,4.1410657855173065,2.7739274431875356,0.0,RandomForest,2026-09-27T13:09:42.624084+00:00,https://npb.jp/games/2026/schedule_09_detail.html,0.20717304837314054,0.20171416693823424,0.195084548821652,0.21593198164355695,0.18009625422341613
ab3cdf6f92939d9ef34da0c5,36213682220,NPB-2026-09-26-3,2026-09-26,2026-09-26 05:00:00+00:00,2026-09-26 03:05:44.954753+00:00,2026-09-26T03:06:37.993833+00:00,114.25075411666667,埼玉西武ライオンズ,千葉ロッテマリーンズ,菅井 信也,小島 和哉,s2_e2_m2,global,Production ML ensemble + PIT-safe direct run-rate fallback (degeneracy recovery),"['regime:s2_e2_m2', 'starter:balanced', 'starter_recent:balanced', 'offense:balanced', 'bullpen:balanced', 'rest:balanced', 'environment:high', 'trend:balanced']",58.1187,1.9796,39.9017,HOME_WIN,HOME_WIN,1,0.542682715051651,0.33501077687399994,38.39,61.61,1,1,1,0.7708912796787719,0,0,4.027168762173017,3.4310486784694394,0.0,RandomForest,2026-09-27T13:09:42.624084+00:00,https://npb.jp/games/2026/schedule_09_detail.html,0.20717304837314054,0.20171416693823424,0.195084548821652,0.21593198164355695,0.18009625422341613
e2f8a820e4027dfc291cb0e2,36213682220,NPB-2026-09-26-4,2026-09-26,2026-09-26 05:00:00+00:00,2026-09-26 03:05:44.954753+00:00,2026-09-26T03:06:38.136727+00:00,114.25075411666667,オリックス・バファローズ,北海道日本ハムファイターズ,Ａ．エスピノーザ,伊藤 大海,s2_e2_m2,global,Production ML ensemble + PIT-safe direct run-rate fallback (degeneracy recovery),"['regime:s2_e2_m2', 'starter:balanced', 'starter_recent:balanced', 'offense:balanced', 'bullpen:balanced', 'rest:away', 'environment:high', 'trend:home']",43.5046,1.5607,54.9347,AWAY_WIN,AWAY_WIN,1,0.5990249788495212,0.39259672697400005,26.5405,73.4595,0,1,0,3.2073441177288524,0,0,4.009050834935014,4.405637400522691,0.0,RandomForest,2026-09-27T13:09:42.624084+00:00,https://npb.jp/games/2026/schedule_09_detail.html,0.20717304837314054,0.20171416693823424,0.195084548821652,0.21593198164355695,0.18009625422341613
3f7d9d37478a679f8a134bfe,36213682220,NPB-2026-09-26-5,2026-09-26,2026-09-26 09:00:00+00:00,2026-09-26 03:05:44.954753+00:00,2026-09-26T03:06:38.293338+00:00,354.25075411666666,福岡ソフトバンクホークス,東北楽天ゴールデンイーグルス,Ｌ．モイネロ,古謝 樹,s2_e1_m2,global,Production ML ensemble + PIT-safe direct run-rate fallback (degeneracy recovery),"['regime:s2_e1_m2', 'starter:balanced', 'starter_recent:balanced', 'offense:balanced', 'bullpen:balanced', 'rest:away', 'environment:high', 'trend:balanced']",76.2406,1.3025,22.4569,HOME_WIN,HOME_WIN,1,0.271276056788537,0.10705179522199999,29.66,70.34,0,1,0,2.070222314736256,0,0,5.059689058550041,3.0807555709224705,0.0,RandomForest,2026-09-27T13:09:42.624084+00:00,https://npb.jp/games/2026/schedule_09_detail.html,0.20584867761476644,0.2054558410128306,0.19261594400952775,0.21560501728180934,0.18047452008106582
fb524daaadaf95b6fc905c8d,36214455884,NPB-2026-09-26-1,2026-09-26,2026-09-26 09:00:00+00:00,2026-09-26 03:20:37.368866+00:00,2026-09-26T03:21:48.275361+00:00,339.37718556666664,東京ヤクルトスワローズ,中日ドラゴンズ,高梨 裕稔,涌井 秀章,s2_e2_m2,global,Production ML ensemble + PIT-safe direct run-rate fallback (degeneracy recovery),"['regime:s2_e2_m2', 'starter:balanced', 'starter_recent:balanced', 'offense:balanced', 'bullpen:balanced', 'rest:balanced', 'environment:high', 'trend:balanced']",46.9579,1.803,51.2391,AWAY_WIN,HOME_WIN,0,0.7559187303778809,0.5442160550220001,32.6767,67.3233,1,1,1,1.0716124811285976,0,0,3.8743331446033467,4.017558106860542,0.0,RandomForest,2026-09-27T13:09:42.624084+00:00,https://npb.jp/games/2026/schedule_09_detail.html,0.2016274099755239,0.19651215004309155,0.1972262656420848,0.22083399212678728,0.18380018221251235
bf04f6a7b5512728d8260dae,36214455884,NPB-2026-09-26-2,2026-09-26,2026-09-26 05:00:00+00:00,2026-09-26 03:20:37.368866+00:00,2026-09-26T03:21:48.487305+00:00,99.37718556666667,横浜DeNAベイスターズ,阪神タイガース,尾形 崇斗,才木 浩人,s2_e2_m2,global,Production ML ensemble + PIT-safe direct run-rate fallback (degeneracy recovery),"['regime:s2_e2_m2', 'starter:balanced', 'starter_recent:balanced', 'offense:balanced', 'bullpen:balanced', 'rest:balanced', 'environment:high', 'trend:balanced']",70.1071,2.0473,27.8456,HOME_WIN,AWAY_WIN,0,1.2784952213244183,1.0125454347059997,46.2467,53.7533,1,1,1,3.1900023610054817,0,0,4.147498975357903,2.7674942533469395,0.0,RandomForest,2026-09-27T13:09:42.624084+00:00,https://npb.jp/games/2026/schedule_09_detail.html,0.2016274099755239,0.19651215004309155,0.1972262656420848,0.22083399212678728,0.18380018221251235
72ca38e60a843221942f0ef4,36214455884,NPB-2026-09-26-3,2026-09-26,2026-09-26 05:00:00+00:00,2026-09-26 03:20:37.368866+00:00,2026-09-26T03:21:48.687337+00:00,99.37718556666667,埼玉西武ライオンズ,千葉ロッテマリーンズ,菅井 信也,小島 和哉,s2_e2_m2,global,Production ML ensemble + PIT-safe direct run-rate fallback (degeneracy recovery),"['regime:s2_e2_m2', 'starter:balanced', 'starter_recent:balanced', 'offense:balanced', 'bullpen:balanced', 'rest:balanced', 'environment:high', 'trend:balanced']",57.4811,1.9864,40.5325,HOME_WIN,HOME_WIN,1,0.5537139878692169,0.34546861984200006,38.39,61.61,1,1,1,0.7708912796787719,0,0,4.0061153392064135,3.4521021014360427,0.0,RandomForest,2026-09-27T13:09:42.624084+00:00,https://npb.jp/games/2026/schedule_09_detail.html,0.2016274099755239,0.19651215004309155,0.1972262656420848,0.22083399212678728,0.18380018221251235
5762d7aebbc984a8b1d3ae5b,36214455884,NPB-2026-09-26-4,2026-09-26,2026-09-26 05:00:00+00:00,2026-09-26 03:20:37.368866+00:00,2026-09-26T03:21:48.902291+00:00,99.37718556666667,オリックス・バファローズ,北海道日本ハムファイターズ,Ａ．エスピノーザ,伊藤 大海,s2_e2_m2,global,Production ML ensemble + PIT-safe direct run-rate fallback (degeneracy recovery),"['regime:s2_e2_m2', 'starter:balanced', 'starter_recent:balanced', 'offense:balanced', 'bullpen:balanced', 'rest:away', 'environment:high', 'trend:home']",43.5237,1.5608,54.9155,AWAY_WIN,AWAY_WIN,1,0.5993745458088078,0.3929360698579999,26.5405,73.4595,0,1,0,3.2073441177288524,0,0,4.009719542479349,4.404968692978356,0.0,RandomForest,2026-09-27T13:09:42.624084+00:00,https://npb.jp/games/2026/schedule_09_detail.html,0.2016274099755239,0.19651215004309155,0.1972262656420848,0.22083399212678728,0.18380018221251235
41e4142259d04377362cf6f3,36214455884,NPB-2026-09-26-5,2026-09-26,2026-09-26 09:00:00+00:00,2026-09-26 03:20:37.368866+00:00,2026-09-26T03:21:49.108980+00:00,339.37718556666664,福岡ソフトバンクホークス,東北楽天ゴールデンイーグルス,Ｌ．モイネロ,古謝 樹,s2_e1_m2,global,Production ML ensemble + PIT-safe direct run-rate fallback (degeneracy recovery),"['regime:s2_e1_m2', 'starter:balanced', 'starter_recent:balanced', 'offense:balanced', 'bullpen:balanced', 'rest:away', 'environment:high', 'trend:balanced']",76.6174,1.2912,22.0914,HOME_WIN,HOME_WIN,1,0.2663459809901226,0.103644313416,29.6602,70.3398,0,1,0,2.070222314736256,0,0,5.075907925111504,3.0645367043610077,0.0,RandomForest,2026-09-27T13:09:42.624084+00:00,https://npb.jp/games/2026/schedule_09_detail.html,0.20180772668241878,0.20156115564532057,0.19410959494215016,0.21754424098287886,0.1849772817472317
ad6157e35b1b3cee72db515a,36215896642,NPB-2026-09-26-1,2026-09-26,2026-09-26 09:00:00+00:00,2026-09-26 03:48:23.278553+00:00,2026-09-26T03:49:58.041949+00:00,311.61202411666665,東京ヤクルトスワローズ,中日ドラゴンズ,高梨 裕稔,涌井 秀章,s2_e2_m2,global,Production ML ensemble + PIT-safe direct run-rate fallback (degeneracy recovery),"['regime:s2_e2_m2', 'starter:balanced', 'starter_recent:balanced', 'offense:balanced', 'bullpen:balanced', 'rest:balanced', 'environment:high', 'trend:balanced']",46.27,1.8012,51.9289,AWAY_WIN,HOME_WIN,0,0.7706773830686832,0.5586767449119514,32.6768,67.3232,1,1,1,1.0946901010883268,0,0,3.851255524643617,4.040635726820271,0.0,RandomForest,2026-09-27T13:09:42.624084+00:00,https://npb.jp/games/2026/schedule_09_detail.html,0.2051737957602264,0.20605149460305638,0.19181343403356785,0.2163392695973776,0.18062200600577163
f2670016c78da3ca2c3d4925,36215896642,NPB-2026-09-26-2,2026-09-26,2026-09-26 05:00:00+00:00,2026-09-26 03:48:23.278553+00:00,2026-09-26T03:49:58.390524+00:00,71.61202411666666,横浜DeNAベイスターズ,阪神タイガース,尾形 崇斗,才木 浩人,s2_e2_m2,global,Production ML ensemble + PIT-safe direct run-rate fallback (degeneracy recovery),"['regime:s2_e2_m2', 'starter:balanced', 'starter_recent:balanced', 'offense:balanced', 'bullpen:balanced', 'rest:balanced', 'environment:high', 'trend:balanced']",69.989,2.0509,27.9601,HOME_WIN,AWAY_WIN,0,1.2743916920909664,1.0092413503820001,46.2466,53.7534,1,1,1,3.1858313839322685,0,0,4.14332799828469,2.7716652304201532,0.0,RandomForest,2026-09-27T13:09:42.624084+00:00,https://npb.jp/games/2026/schedule_09_detail.html,0.2051737957602264,0.20605149460305638,0.19181343403356785,0.2163392695973776,0.18062200600577163
41b50ae62ce697e1180b1571,36215896642,NPB-2026-09-26-3,2026-09-26,2026-09-26 05:00:00+00:00,2026-09-26 03:48:23.278553+00:00,2026-09-26T03:49:58.703372+00:00,71.61202411666666,埼玉西武ライオンズ,千葉ロッテマリーンズ,菅井 信也,小島 和哉,s2_e2_m2,global,Production ML ensemble + PIT-safe direct run-rate fallback (degeneracy recovery),"['regime:s2_e2_m2', 'starter:balanced', 'starter_recent:balanced', 'offense:balanced', 'bullpen:balanced', 'rest:balanced', 'environment:high', 'trend:balanced']",58.4587,1.9757,39.5656,HOME_WIN,HOME_WIN,1,0.5368496639795475,0.32950196995400005,38.3901,61.6099,1,1,1,0.7708912796787717,0,0,4.038422227662657,3.4197952129797993,0.0,RandomForest,2026-09-27T13:09:42.624084+00:00,https://npb.jp/games/2026/schedule_09_detail.html,0.2051737957602264,0.20605149460305638,0.19181343403356785,0.2163392695973776,0.18062200600577163
eb6ff78eb8dc7724c53c1281,36215896642,NPB-2026-09-26-4,2026-09-26,2026-09-26 05:00:00+00:00,2026-09-26 03:48:23.278553+00:00,2026-09-26T03:49:59.029271+00:00,71.61202411666666,オリックス・バファローズ,北海道日本ハムファイターズ,Ａ．エスピノーザ,伊藤 大海,s2_e2_m2,global,Production ML ensemble + PIT-safe direct run-rate fallback (degeneracy recovery),"['regime:s2_e2_m2', 'starter:balanced', 'starter_recent:balanced', 'offense:balanced', 'bullpen:balanced', 'rest:away', 'environment:high', 'trend:home']",43.0825,1.5583,55.3592,AWAY_WIN,AWAY_WIN,1,0.5913273256501441,0.385133112978,26.5406,73.4594,0,1,0,3.2073441177288524,0,0,3.9942590381506857,4.420429197307019,0.0,RandomForest,2026-09-27T13:09:42.624084+00:00,https://npb.jp/games/2026/schedule_09_detail.html,0.2051737957602264,0.20605149460305638,0.19181343403356785,0.2163392695973776,0.18062200600577163
21cbed5d324e3a28449c2f3d,36215896642,NPB-2026-09-26-5,2026-09-26,2026-09-26 09:00:00+00:00,2026-09-26 03:48:23.278553+00:00,2026-09-26T03:49:59.346377+00:00,311.61202411666665,福岡ソフトバンクホークス,東北楽天ゴールデンイーグルス,Ｌ．モイネロ,古謝 樹,s2_e1_m2,global,Production ML ensemble + PIT-safe direct run-rate fallback (degeneracy recovery),"['regime:s2_e1_m2', 'starter:balanced', 'starter_recent:balanced', 'offense:balanced', 'bullpen:balanced', 'rest:away', 'environment:high', 'trend:balanced']",75.8226,1.3149,22.8625,HOME_WIN,HOME_WIN,1,0.27677378474424763,0.110896953902,29.6597,70.3403,0,1,0,2.070222314736256,0,0,5.041847211040315,3.0985974184321976,0.0,RandomForest,2026-09-27T13:09:42.624084+00:00,https://npb.jp/games/2026/schedule_09_detail.html,0.2051737957602264,0.20605149460305638,0.19181343403356785,0.2163392695973776,0.18062200600577163
